{
  "claims": [
    {
      "Employee_Id": 2,
      "Employee_Name": "ABC",
      "Claim_Number": "123-456-789",
      "Claim_Type": "Pending",
      "Claim_Program": "Demo",
      "Claim_Start_Date": "08-08-2020",
      "Claim_End_Date": "08-08-2021"
    },
    {
      "Employee_Id": 1,
      "Employee_Name": "ABC",
      "Claim_Number": "123-456-789",
      "Claim_Type": "Pending",
      "Claim_Program": "Demo",
      "Claim_Start_Date": "08-08-2020",
      "Claim_End_Date": "08-08-2021"
    },
    {
      "Employee_Id": 9,
      "Employee_Name": "ABC",
      "Claim_Number": "123-456-789",
      "Claim_Type": "Pending",
      "Claim_Program": "Demo",
      "Claim_Start_Date": "08-08-2020",
      "Claim_End_Date": "08-08-2021"
    },
    {
      "Employee_Id": 10,
      "Employee_Name": "ABC",
      "Claim_Number": "123-456-789",
      "Claim_Type": "Pending",
      "Claim_Program": "Demo",
      "Claim_Start_Date": "08-08-2020",
      "Claim_End_Date": "08-08-2021"
    },
    {
      "Employee_Id": 5,
      "Employee_Name": "ABC",
      "Claim_Number": "123-456-789",
      "Claim_Type": "Pending",
      "Claim_Program": "Demo",
      "Claim_Start_Date": "08-08-2020",
      "Claim_End_Date": "08-08-2021"
    },
    {
      "Employee_Id": 3,
      "Employee_Name": "ABC",
      "Claim_Number": "123-456-789",
      "Claim_Type": "Pending",
      "Claim_Program": "Demo",
      "Claim_Start_Date": "08-08-2020",
      "Claim_End_Date": "08-08-2021"
    },
    {
      "Employee_Id": 10,
      "Employee_Name": "ABC",
      "Claim_Number": "123-456-789",
      "Claim_Type": "Pending",
      "Claim_Program": "Demo",
      "Claim_Start_Date": "08-08-2020",
      "Claim_End_Date": "08-08-2021"
    }
  ]
}